Date,Sales
2013-01-02,5530
2013-01-03,4327
2013-01-04,4486
2013-01-05,4997
2013-01-06,0
2013-01-07,7176
2013-01-08,5580
2013-01-09,5471
2013-01-10,4892
2013-01-11,4881
2013-01-12,4952
2013-01-13,0
2013-01-14,4717
2013-01-15,3900
2013-01-16,4008
2013-01-17,4044
2013-01-18,4127
2013-01-19,5182
2013-01-20,0
2013-01-21,5394
2013-01-22,5720
2013-01-23,5578
2013-01-24,5195
2013-01-25,5586
2013-01-26,5598
2013-01-27,0
2013-01-28,4055
2013-01-29,3725
2013-01-30,4601
2013-01-31,4709
2013-02-01,5633
2013-02-02,5970
2013-02-03,0
2013-02-04,7032
2013-02-05,6049
2013-02-06,6140
2013-02-07,5499
2013-02-08,5681
2013-02-09,5370
2013-02-10,0
2013-02-11,4409
2013-02-12,4015
2013-02-13,4252
2013-02-14,4241
2013-02-15,4809
2013-02-16,6154
2013-02-17,0
2013-02-18,6407
2013-02-19,5386
2013-02-20,5660
2013-02-21,5261
2013-02-22,5000
2013-02-23,5237
2013-02-24,0
2013-02-25,4038
2013-02-26,3794
2013-02-27,4558
2013-02-28,4676
2013-03-01,4611
2013-03-02,5350
2013-03-03,0
2013-03-04,7675
2013-03-05,6300
2013-03-06,5973
2013-03-07,5637
2013-03-08,5853
2013-03-09,5578
2013-03-10,0
2013-03-11,4949
2013-03-12,3853
2013-03-13,4341
2013-03-14,5108
2013-03-15,4925
2013-03-16,5003
2013-03-17,0
2013-03-18,7072
2013-03-19,6563
2013-03-20,5598
2013-03-21,5179
2013-03-22,5506
2013-03-23,5603
2013-03-24,0
2013-03-25,6729
2013-03-26,6686
2013-03-27,6660
2013-03-28,7285
2013-03-29,0
2013-03-30,7132
2013-03-31,0
2013-04-01,0
2013-04-02,5484
2013-04-03,4625
2013-04-04,4293
2013-04-05,4390
2013-04-06,5075
2013-04-07,0
2013-04-08,6046
2013-04-09,5514
2013-04-10,4903
2013-04-11,4366
2013-04-12,5263
2013-04-13,4773
2013-04-14,0
2013-04-15,3941
2013-04-16,3357
2013-04-17,3649
2013-04-18,2952
2013-04-19,4303
2013-04-20,4350
2013-04-21,0
2013-04-22,5672
2013-04-23,4492
2013-04-24,4309
2013-04-25,3939
2013-04-26,4841
2013-04-27,5726
2013-04-28,0
2013-04-29,5821
2013-04-30,5925
2013-05-01,0
2013-05-02,6486
2013-05-03,6027
2013-05-04,5912
2013-05-05,0
2013-05-06,4568
2013-05-07,4624
2013-05-08,5230
2013-05-09,0
2013-05-10,5409
2013-05-11,5064
2013-05-12,0
2013-05-13,6106
2013-05-14,5083
2013-05-15,4790
2013-05-16,4448
2013-05-17,4856
2013-05-18,4413
2013-05-19,0
2013-05-20,0
2013-05-21,4789
2013-05-22,3559
2013-05-23,4030
2013-05-24,4232
2013-05-25,4408
2013-05-26,0
2013-05-27,5519
2013-05-28,4995
2013-05-29,5784
2013-05-30,0
2013-05-31,7893
2013-06-01,5693
2013-06-02,0
2013-06-03,5422
2013-06-04,5220
2013-06-05,5012
2013-06-06,4881
2013-06-07,4315
2013-06-08,4262
2013-06-09,0
2013-06-10,4291
2013-06-11,3784
2013-06-12,3563
2013-06-13,3661
2013-06-14,4150
2013-06-15,4766
2013-06-16,0
2013-06-17,5337
2013-06-18,4633
2013-06-19,4180
2013-06-20,5011
2013-06-21,5173
2013-06-22,4341
2013-06-23,0
2013-06-24,3549
2013-06-25,4536
2013-06-26,3827
2013-06-27,3593
2013-06-28,4407
2013-06-29,5804
2013-06-30,0
2013-07-01,5614
2013-07-02,5868
2013-07-03,5875
2013-07-04,5701
2013-07-05,4986
2013-07-06,4090
2013-07-07,0
2013-07-08,4475
2013-07-09,4047
2013-07-10,3963
2013-07-11,4053
2013-07-12,4134
2013-07-13,4015
2013-07-14,0
2013-07-15,6377
2013-07-16,5643
2013-07-17,4946
2013-07-18,4904
2013-07-19,4275
2013-07-20,4421
2013-07-21,0
2013-07-22,4149
2013-07-23,3937
2013-07-24,3849
2013-07-25,3502
2013-07-26,4221
2013-07-27,3352
2013-07-28,0
2013-07-29,6290
2013-07-30,5773
2013-07-31,5572
2013-08-01,4994
2013-08-02,4494
2013-08-03,4461
2013-08-04,0
2013-08-05,4086
2013-08-06,3582
2013-08-07,4143
2013-08-08,3680
2013-08-09,3257
2013-08-10,3768
2013-08-11,0
2013-08-12,5326
2013-08-13,5299
2013-08-14,4724
2013-08-15,4575
2013-08-16,4552
2013-08-17,4078
2013-08-18,0
2013-08-19,3954
2013-08-20,3492
2013-08-21,3096
2013-08-22,3703
2013-08-23,3493
2013-08-24,4752
2013-08-25,0
2013-08-26,5482
2013-08-27,5156
2013-08-28,4583
2013-08-29,4804
2013-08-30,5469
2013-08-31,5317
2013-09-01,0
2013-09-02,4195
2013-09-03,3928
2013-09-04,3343
2013-09-05,3883
2013-09-06,3836
2013-09-07,4663
2013-09-08,0
2013-09-09,5893
2013-09-10,5403
2013-09-11,5103
2013-09-12,5079
2013-09-13,5187
2013-09-14,4663
2013-09-15,0
2013-09-16,4249
2013-09-17,3685
2013-09-18,3946
2013-09-19,3717
2013-09-20,3516
2013-09-21,3909
2013-09-22,0
2013-09-23,4770
2013-09-24,4274
2013-09-25,4212
2013-09-26,4481
2013-09-27,4669
2013-09-28,4175
2013-09-29,0
2013-09-30,4088
2013-10-01,4178
2013-10-02,4001
2013-10-03,0
2013-10-04,5447
2013-10-05,5352
2013-10-06,0
2013-10-07,6004
2013-10-08,5452
2013-10-09,4957
2013-10-10,5286
2013-10-11,5896
2013-10-12,4954
2013-10-13,0
2013-10-14,3773
2013-10-15,3355
2013-10-16,3383
2013-10-17,3223
2013-10-18,3566
2013-10-19,3667
2013-10-20,0
2013-10-21,5055
2013-10-22,4068
2013-10-23,4612
2013-10-24,4044
2013-10-25,4573
2013-10-26,4347
2013-10-27,0
2013-10-28,3557
2013-10-29,3737
2013-10-30,4119
2013-10-31,4035
2013-11-01,5471
2013-11-02,5233
2013-11-03,0
2013-11-04,5861
2013-11-05,5348
2013-11-06,5572
2013-11-07,5009
2013-11-08,5242
2013-11-09,4681
2013-11-10,0
2013-11-11,4014
2013-11-12,4017
2013-11-13,3310
2013-11-14,3795
2013-11-15,4016
2013-11-16,5071
2013-11-17,0
2013-11-18,5927
2013-11-19,5143
2013-11-20,4936
2013-11-21,4623
2013-11-22,5058
2013-11-23,5297
2013-11-24,0
2013-11-25,4600
2013-11-26,4201
2013-11-27,4561
2013-11-28,4614
2013-11-29,5623
2013-11-30,6373
2013-12-01,0
2013-12-02,6943
2013-12-03,6293
2013-12-04,5688
2013-12-05,5691
2013-12-06,6112
2013-12-07,5799
2013-12-08,0
2013-12-09,4462
2013-12-10,4228
2013-12-11,4301
2013-12-12,4074
2013-12-13,4703
2013-12-14,6119
2013-12-15,0
2013-12-16,8277
2013-12-17,7356
2013-12-18,7821
2013-12-19,6788
2013-12-20,8414
2013-12-21,8043
2013-12-22,0
2013-12-23,9528
2013-12-24,3204
2013-12-25,0
2013-12-26,0
2013-12-27,6110
2013-12-28,5659
2013-12-29,0
2013-12-30,7193
2013-12-31,2362
2014-01-01,0
2014-01-02,4969
2014-01-03,4190
2014-01-04,5173
2014-01-05,0
2014-01-06,6194
2014-01-07,5539
2014-01-08,4931
2014-01-09,4396
2014-01-10,4486
2014-01-11,4454
2014-01-12,0
2014-01-13,3994
2014-01-14,3621
2014-01-15,3776
2014-01-16,3632
2014-01-17,3803
2014-01-18,5128
2014-01-19,0
2014-01-20,6148
2014-01-21,5151
2014-01-22,4562
2014-01-23,4597
2014-01-24,5098
2014-01-25,4546
2014-01-26,0
2014-01-27,3601
2014-01-28,3581
2014-01-29,3789
2014-01-30,4549
2014-01-31,4906
2014-02-01,5292
2014-02-02,0
2014-02-03,5839
2014-02-04,5540
2014-02-05,5031
2014-02-06,4823
2014-02-07,5596
2014-02-08,4726
2014-02-09,0
2014-02-10,3591
2014-02-11,3461
2014-02-12,3662
2014-02-13,3638
2014-02-14,4647
2014-02-15,5258
2014-02-16,0
2014-02-17,5393
2014-02-18,4602
2014-02-19,4935
2014-02-20,4563
2014-02-21,4727
2014-02-22,4820
2014-02-23,0
2014-02-24,3826
2014-02-25,3499
2014-02-26,4108
2014-02-27,3826
2014-02-28,5031
2014-03-01,5307
2014-03-02,0
2014-03-03,6198
2014-03-04,5397
2014-03-05,4916
2014-03-06,4585
2014-03-07,5340
2014-03-08,4400
2014-03-09,0
2014-03-10,3573
2014-03-11,3588
2014-03-12,3805
2014-03-13,3224
2014-03-14,3883
2014-03-15,5042
2014-03-16,0
2014-03-17,5563
2014-03-18,5200
2014-03-19,4036
2014-03-20,4023
2014-03-21,4510
2014-03-22,5241
2014-03-23,0
2014-03-24,3850
2014-03-25,3136
2014-03-26,3225
2014-03-27,3847
2014-03-28,3987
2014-03-29,4583
2014-03-30,0
2014-03-31,6008
2014-04-01,5407
2014-04-02,4834
2014-04-03,4556
2014-04-04,4738
2014-04-05,4599
2014-04-06,0
2014-04-07,3751
2014-04-08,3990
2014-04-09,3919
2014-04-10,3948
2014-04-11,3733
2014-04-12,4435
2014-04-13,0
2014-04-14,6803
2014-04-15,6196
2014-04-16,6381
2014-04-17,6160
2014-04-18,0
2014-04-19,5871
2014-04-20,0
2014-04-21,0
2014-04-22,4133
2014-04-23,3482
2014-04-24,3376
2014-04-25,3710
2014-04-26,3989
2014-04-27,0
2014-04-28,5488
2014-04-29,5923
2014-04-30,5870
2014-05-01,0
2014-05-02,6790
2014-05-03,5498
2014-05-04,0
2014-05-05,5325
2014-05-06,5055
2014-05-07,5075
2014-05-08,5222
2014-05-09,5237
2014-05-10,5996
2014-05-11,0
2014-05-12,3957
2014-05-13,3535
2014-05-14,3710
2014-05-15,3589
2014-05-16,3863
2014-05-17,3785
2014-05-18,0
2014-05-19,5637
2014-05-20,4909
2014-05-21,4298
2014-05-22,3801
2014-05-23,4968
2014-05-24,4574
2014-05-25,0
2014-05-26,3912
2014-05-27,3971
2014-05-28,4616
2014-05-29,0
2014-05-30,5407
2014-05-31,4985
2014-06-01,0
2014-06-02,6071
2014-06-03,5614
2014-06-04,5229
2014-06-05,5278
2014-06-06,4957
2014-06-07,4923
2014-06-08,0
2014-06-09,0
2014-06-10,4607
2014-06-11,4207
2014-06-12,3702
2014-06-13,3901
2014-06-14,4757
2014-06-15,0
2014-06-16,4788
2014-06-17,5770
2014-06-18,5256
2014-06-19,0
2014-06-20,6362
2014-06-21,3982
2014-06-22,0
2014-06-23,3755
2014-06-24,3351
2014-06-25,3727
2014-06-26,2749
2014-06-27,4019
2014-06-28,5162
2014-06-29,0
2014-06-30,5738
2014-07-01,5138
2014-07-02,5161
2014-07-03,4756
2014-07-04,4025
2014-07-05,5176
2014-07-06,0
2014-07-07,4223
2014-07-08,4081
2014-07-09,3547
2014-07-10,3741
2014-07-11,4020
2014-07-12,4409
2014-07-13,0
2014-07-14,5083
2014-07-15,5298
2014-07-16,5424
2014-07-17,4685
2014-07-18,4609
2014-07-19,4084
2014-07-20,0
2014-07-21,4507
2014-07-22,3933
2014-07-23,3806
2014-07-24,3557
2014-07-25,3858
2014-07-26,4266
2014-07-27,0
2014-07-28,5372
2014-07-29,5252
2014-07-30,5487
2014-07-31,5106
2014-08-01,5038
2014-08-02,4731
2014-08-03,0
2014-08-04,5655
2014-08-05,5433
2014-08-06,5337
2014-08-07,4154
2014-08-08,4451
2014-08-09,4174
2014-08-10,0
2014-08-11,3886
2014-08-12,3185
2014-08-13,4069
2014-08-14,3906
2014-08-15,3746
2014-08-16,4425
2014-08-17,0
2014-08-18,5623
2014-08-19,5190
2014-08-20,4280
2014-08-21,4327
2014-08-22,3971
2014-08-23,3582
2014-08-24,0
2014-08-25,3414
2014-08-26,3396
2014-08-27,3148
2014-08-28,3920
2014-08-29,3869
2014-08-30,4094
2014-08-31,0
2014-09-01,5464
2014-09-02,5008
2014-09-03,4978
2014-09-04,4346
2014-09-05,4706
2014-09-06,3959
2014-09-07,0
2014-09-08,3676
2014-09-09,3377
2014-09-10,3275
2014-09-11,3392
2014-09-12,3906
2014-09-13,4270
2014-09-14,0
2014-09-15,4611
2014-09-16,4381
2014-09-17,4383
2014-09-18,3740
2014-09-19,4128
2014-09-20,3911
2014-09-21,0
2014-09-22,3982
2014-09-23,3407
2014-09-24,3405
2014-09-25,2462
2014-09-26,3518
2014-09-27,3914
2014-09-28,0
2014-09-29,5280
2014-09-30,4919
2014-10-01,4712
2014-10-02,5400
2014-10-03,0
2014-10-04,5355
2014-10-05,0
2014-10-06,5402
2014-10-07,5439
2014-10-08,4944
2014-10-09,4654
2014-10-10,4396
2014-10-11,4743
2014-10-12,0
2014-10-13,4033
2014-10-14,3681
2014-10-15,3775
2014-10-16,3430
2014-10-17,3720
2014-10-18,4169
2014-10-19,0
2014-10-20,4652
2014-10-21,4678
2014-10-22,4868
2014-10-23,4466
2014-10-24,4196
2014-10-25,4596
2014-10-26,0
2014-10-27,4260
2014-10-28,3364
2014-10-29,3761
2014-10-30,4042
2014-10-31,4161
2014-11-01,6532
2014-11-02,0
2014-11-03,5857
2014-11-04,5253
2014-11-05,4838
2014-11-06,4785
2014-11-07,5220
2014-11-08,4720
2014-11-09,0
2014-11-10,5474
2014-11-11,4479
2014-11-12,4677
2014-11-13,3869
2014-11-14,5334
2014-11-15,4967
2014-11-16,0
2014-11-17,3582
2014-11-18,3890
2014-11-19,3894
2014-11-20,4963
2014-11-21,4594
2014-11-22,5849
2014-11-23,0
2014-11-24,6527
2014-11-25,5815
2014-11-26,5328
2014-11-27,6144
2014-11-28,7195
2014-11-29,7066
2014-11-30,0
2014-12-01,7380
2014-12-02,6467
2014-12-03,6454
2014-12-04,7016
2014-12-05,6207
2014-12-06,6185
2014-12-07,0
2014-12-08,4884
2014-12-09,4345
2014-12-10,4915
2014-12-11,5060
2014-12-12,5269
2014-12-13,7263
2014-12-14,0
2014-12-15,8069
2014-12-16,7739
2014-12-17,7523
2014-12-18,7785
2014-12-19,7558
2014-12-20,8367
2014-12-21,0
2014-12-22,9331
2014-12-23,7959
2014-12-24,3659
2014-12-25,0
2014-12-26,0
2014-12-27,6057
2014-12-28,0
2014-12-29,6463
2014-12-30,6466
2014-12-31,2605
2015-01-01,0
2015-01-02,5509
2015-01-03,5023
2015-01-04,0
2015-01-05,6239
2015-01-06,4574
2015-01-07,4796
2015-01-08,3716
2015-01-09,3998
2015-01-10,4599
2015-01-11,0
2015-01-12,5346
2015-01-13,4924
2015-01-14,4541
2015-01-15,4295
2015-01-16,4161
2015-01-17,5255
2015-01-18,0
2015-01-19,3721
2015-01-20,3680
2015-01-21,3299
2015-01-22,3492
2015-01-23,3586
2015-01-24,4840
2015-01-25,0
2015-01-26,4781
2015-01-27,4806
2015-01-28,4310
2015-01-29,5171
2015-01-30,5577
2015-01-31,5363
2015-02-01,0
2015-02-02,6038
2015-02-03,4901
2015-02-04,4672
2015-02-05,4394
2015-02-06,5022
2015-02-07,4663
2015-02-08,0
2015-02-09,3965
2015-02-10,3136
2015-02-11,3735
2015-02-12,3900
2015-02-13,4726
2015-02-14,5015
2015-02-15,0
2015-02-16,4303
2015-02-17,4833
2015-02-18,4180
2015-02-19,4460
2015-02-20,4651
2015-02-21,4475
2015-02-22,0
2015-02-23,3598
2015-02-24,4054
2015-02-25,3875
2015-02-26,4042
2015-02-27,4708
2015-02-28,5289
2015-03-01,0
2015-03-02,5942
2015-03-03,5451
2015-03-04,5568
2015-03-05,4419
2015-03-06,5397
2015-03-07,4592
2015-03-08,0
2015-03-09,3701
2015-03-10,3805
2015-03-11,4170
2015-03-12,3141
2015-03-13,3725
2015-03-14,5225
2015-03-15,0
2015-03-16,5695
2015-03-17,4806
2015-03-18,3858
2015-03-19,4748
2015-03-20,4057
2015-03-21,3909
2015-03-22,0
2015-03-23,3565
2015-03-24,3547
2015-03-25,3531
2015-03-26,3932
2015-03-27,4005
2015-03-28,5208
2015-03-29,0
2015-03-30,6714
2015-03-31,6206
2015-04-01,6816
2015-04-02,6574
2015-04-03,0
2015-04-04,6709
2015-04-05,0
2015-04-06,0
2015-04-07,4163
2015-04-08,4194
2015-04-09,3467
2015-04-10,3549
2015-04-11,4173
2015-04-12,0
2015-04-13,5377
2015-04-14,4648
2015-04-15,4110
2015-04-16,4116
2015-04-17,4718
2015-04-18,4594
2015-04-19,0
2015-04-20,3722
2015-04-21,3037
2015-04-22,3319
2015-04-23,3076
2015-04-24,3198
2015-04-25,4318
2015-04-26,0
2015-04-27,5575
2015-04-28,5199
2015-04-29,5775
2015-04-30,6228
2015-05-01,0
2015-05-02,5850
2015-05-03,0
2015-05-04,5591
2015-05-05,4564
2015-05-06,4960
2015-05-07,4529
2015-05-08,4683
2015-05-09,4945
2015-05-10,0
2015-05-11,3551
2015-05-12,3547
2015-05-13,3998
2015-05-14,0
2015-05-15,4178
2015-05-16,4431
2015-05-17,0
2015-05-18,5280
2015-05-19,5235
2015-05-20,4735
2015-05-21,3755
2015-05-22,4459
2015-05-23,4276
2015-05-24,0
2015-05-25,0
2015-05-26,4211
2015-05-27,4083
2015-05-28,4111
2015-05-29,4656
2015-05-30,5592
2015-05-31,0
2015-06-01,5774
2015-06-02,5450
2015-06-03,5809
2015-06-04,0
2015-06-05,5384
2015-06-06,4183
2015-06-07,0
2015-06-08,4071
2015-06-09,4102
2015-06-10,3591
2015-06-11,3627
2015-06-12,3695
2015-06-13,4256
2015-06-14,0
2015-06-15,5518
2015-06-16,4852
2015-06-17,4000
2015-06-18,4645
2015-06-19,4202
2015-06-20,4097
2015-06-21,0
2015-06-22,3846
2015-06-23,3762
2015-06-24,3346
2015-06-25,3533
2015-06-26,3317
2015-06-27,4019
2015-06-28,0
2015-06-29,5197
2015-06-30,5735
2015-07-01,5223
2015-07-02,5558
2015-07-03,4665
2015-07-04,4797
2015-07-05,0
2015-07-06,4359
2015-07-07,3650
2015-07-08,3797
2015-07-09,3897
2015-07-10,3808
2015-07-11,3530
2015-07-12,0
2015-07-13,5054
2015-07-14,5042
2015-07-15,4767
2015-07-16,4427
2015-07-17,4852
2015-07-18,4406
2015-07-19,0
2015-07-20,4395
2015-07-21,3558
2015-07-22,3464
2015-07-23,3769
2015-07-24,3706
2015-07-25,4364
2015-07-26,0
2015-07-27,6102
2015-07-28,5011
2015-07-29,4782
2015-07-30,5020
2015-07-31,5263
